{
  "results": {
    "RandomForest": {
      "mae_mean": 1715.1722729629623,
      "rmse_mean": 1921.1970562088136,
      "r2_mean": -3.327183936472511
    },
    "XGBoost": {
      "mae_mean": 1676.5722840711805,
      "rmse_mean": 1907.3524996714896,
      "r2_mean": -3.8019738620726677
    },
    "LightGBM": {
      "mae_mean": 2193.41616760512,
      "rmse_mean": 2372.7518788019975,
      "r2_mean": -6.307904180379332
    }
  },
  "best": "XGBoost"
}