{
  "mae": 5066.30969393941,
  "rmse": 5656.507999764125,
  "r2": -4.037679327850441
}